Neighborhood,Price,Bedrooms,Bathrooms,House Size,Description,Neighborhood Description
Oakwood Estates,"$1,500,000",6,4.5,"4,200 sqft","Discover unparalleled sophistication in this expansive 6-bedroom, 4.5-bathroom home in the esteemed Oakwood Estates neighborhood. Featuring a grand foyer, formal dining room, and a spacious living area with a fireplace, this home offers the perfect balance of elegance and comfort. The chef's kitchen is equipped with high-end finishes, stainless steel appliances, and a breakfast nook overlooking the manicured backyard. Retreat to the luxurious master suite with a spa-like bath and a private balcony offering panoramic views.","Oakwood Estates is a prestigious community known for its large estate lots and upscale amenities. Residents of Oakwood Estates can enjoy exclusive access to the community clubhouse, tennis courts, and walking trails. Conveniently located near golf courses and fine dining establishments, Oakwood Estates offers a refined lifestyle for those seeking luxury and privacy."
Cedar Grove Heights,"$950,000",4,3.5,"2,800 sqft","Step into luxury and comfort in this exquisite 4-bedroom, 3.5-bathroom residence nestled in the prestigious Cedar Grove Heights neighborhood. Boasting soaring ceilings and an abundance of natural light, this home offers a seamless blend of elegance and functionality. The spacious gourmet kitchen features top-of-the-line appliances and a large center island, ideal for culinary enthusiasts. Retreat to the sweeping master suite with a spa-like bathroom and walk-in closet. The backyard paradise includes a covered patio and lush landscaping, perfect for outdoor gatherings and relaxation in privacy and serenity.","Cedar Grove Heights is renowned for its upscale ambiance, tranquil streets, and close proximity to renowned dining and entertainment venues. Residents enjoy easy access to Cedar Grove Park for outdoor activities and community events. Within walking distance, find boutique shops, cozy cafes, and artisanal bakeries, providing a sophisticated yet welcoming atmosphere for residents to call home. Discover the epitome of luxurious living in Cedar Grove Heights."
Harborview Bluffs,"$1,450,000",6,5,"3,800 sqft","Indulge in luxury living in the prestigious Harborview Bluffs neighborhood with this magnificent 6-bedroom, 5-bathroom estate. Step into the grand foyer with a sweeping staircase and be captivated by the exquisite details and craftsmanship throughout. The formal dining room is perfect for hosting elegant dinner parties, while the expansive family room offers a cozy fireplace and built-in bookshelves. The gourmet chef's kitchen is a culinary delight with high-end appliances, a large island, and a sunny breakfast nook. Retreat to the luxurious primary suite with a spa-like bathroom and a private balcony overlooking the manicured grounds with a sparkling fountain and lush landscaping. Experience sophistication and comfort in this Harborview Bluffs masterpiece.","Harborview Bluffs is synonymous with luxury living, featuring multimillion-dollar homes, yacht clubs, and sweeping waterfront vistas. Enjoy a leisurely stroll along the marina or indulge in upscale dining options at the Harborview Promenade. With easy access to the harbor and exclusive amenities, Harborview Bluffs offers an unparalleled lifestyle for those seeking elegance and refinement."
Pinecrest Grove,"$700,000",3,2.5,"2,200 sqft","Embrace comfort in this inviting 3-bedroom, 2.5-bathroom home located in the tranquil Pinecrest Grove neighborhood. Step inside to find a cozy living room with a brick fireplace, perfect for chilly evenings. The updated kitchen features granite countertops, stainless steel appliances, and a breakfast nook with scenic views of the backyard. Retreat to the spacious master suite with a private balcony overlooking the lush garden. The expansive deck is an ideal space for al fresco dining and enjoying the beauty of nature in your own backyard sanctuary.","Pinecrest Grove offers a peaceful, family-friendly atmosphere with tree-lined streets and friendly neighbors. Take a leisurely stroll to the nearby Pinecrest Grove Park for picnics and outdoor activities. Conveniently located near top-rated schools and shopping centers, Pinecrest Grove provides the perfect blend of serenity and convenience for a relaxed lifestyle."
Harbor View Hills,"$950,000",4,3,"2,500 sqft","Welcome to your waterfront retreat in the serene neighborhood of Harbor View Hills. This 4-bedroom, 3-bathroom haven offers unparalleled water views from every room, creating a tranquil escape from the hustle and bustle of city life. The spacious living room features floor-to-ceiling windows, inviting abundant natural light and picturesque sunsets. The chef's kitchen boasts top-of-the-line appliances and an expansive island, perfect for entertaining. Step outside to the lush backyard with a private dock, ideal for boating and waterside gatherings. Live the coastal lifestyle you've always dreamed of in Harbor View Hills.","Harbor View Hills is a coveted coastal community known for its prime location near marinas, yacht clubs, and waterside dining. Residents enjoy easy access to walking paths along the harbor, making it perfect for outdoor enthusiasts. Explore the nearby Harbor View Park or sail out to the open sea for a day of adventure. With exclusive waterfront living and proximity to upscale shops and restaurants, Harbor View Hills embodies coastal luxury at its finest."
Riverfront Estates,"$1,500,000",6,5,"4,000 sqft","Indulge in luxury living in this expansive 6-bedroom, 5-bathroom estate situated in the exclusive Riverfront Estates neighborhood. Boasting panoramic views of the river and lush surroundings, this custom-built residence offers unparalleled craftsmanship and designer finishes. The grand living spaces feature soaring ceilings, a media room, and a wine cellar, perfect for entertaining guests. The gourmet chef's kitchen is a culinary dream, outfitted with top-of-the-line appliances and a breakfast nook overlooking the water. Retreat to the master suite with a private balcony to unwind in serenity amidst the natural beauty that surrounds this Riverfront Estates haven.","Riverfront Estates epitomizes luxury living with its waterfront properties, private docks, and scenic walking trails. Residents can enjoy boating on the river, dine at the upscale restaurants along the waterfront promenade, or indulge in a spa day at the exclusive Riverfront Spa Retreat. This prestigious neighborhood offers a refined lifestyle within a serene natural setting, making it an idyllic escape for those seeking opulence and tranquility."
Cedar Ridge,"$950,000",4,3,"2,500 sqft","Step into luxury living in this 4-bedroom, 3-bathroom modern masterpiece situated in the prestigious Cedar Ridge neighborhood. The sleek design and top-of-the-line finishes throughout the home showcase a contemporary aesthetic that is both inviting and sophisticated. Entertain guests effortlessly in the spacious living areas, complete with a designer kitchen featuring high-end appliances and a stunning center island. Unwind in the private backyard oasis, boasting a pergola-covered patio, built-in BBQ area, and lush landscaping.Receive the epitome of modern elegance in this Cedar Ridge beauty.","Cedar Ridge is a serene, upscale enclave known for its tranquil tree-lined streets and exclusive atmosphere. Residents enjoy close proximity to boutique shopping centers, gourmet restaurants, and top-rated schools, making it a desirable location for families and professionals alike. Explore the surrounding nature trails at Cedar Ridge Preserve or unwind at the quaint cafes along Main Street, creating a perfect blend of luxury and leisure in Cedar Ridge."
Pinecrest Woods,"$950,000",4,3,"2,500 sqft","Step into this modern yet inviting 4-bedroom, 3-bathroom home in the serene Pinecrest Woods neighborhood. The sleek design and high ceilings create a sense of spaciousness in every room. The gourmet kitchen features stainless steel appliances and quartz countertops, perfect for culinary enthusiasts. Relax in the luxurious master suite with a private balcony overlooking the lush backyard oasis complete with a custom-designed fire pit and seating area. Embrace the tranquility and sophistication of Pinecrest Woods living in this stunning home.","Pinecrest Woods offers a peaceful retreat from the hustle and bustle of the city. Enjoy scenic nature trails, community parks, and local cafes that capture the essence of suburban living. With top-rated schools and convenient access to shopping centers, Pinecrest Woods caters to families and professionals alike seeking a balance of comfort and convenience. Discover the charm of Pinecrest Woods and make this neighborhood your new home."
Riverbend Estates,"$1,450,000",6,5,"4,500 sqft","Step into luxury in this sprawling 6-bedroom, 5-bathroom estate situated in the prestigious Riverbend Estates neighborhood. This magnificent residence exudes sophistication and grandeur, boasting elegant finishes, high ceilings, and expansive living areas. The grand foyer welcomes you into a home designed for both comfort and style, featuring a gourmet kitchen with top-of-the-line appliances, a formal dining room for hosting lavish soir√©es, and a cozy family room with a stone fireplace. Escape to the lavish master suite retreat with a spa-like bathroom and private balcony overlooking the manicured grounds. Outdoor entertainment abounds with a covered patio, sparkling pool, and lush landscaping, creating a resort-like atmosphere perfect for gatherings and relaxation.","Riverbend Estates is known for its upscale properties, riverside views, and exclusivity. Enjoy a prestigious lifestyle with access to the nearby Riverbend Golf Club, upscale dining options, and luxury boutiques. Take a leisurely stroll along the riverfront or spend weekends hosting elegant events in your own private estate. Experience the epitome of luxury living in Riverbend Estates."
Harbor View Estates,"$1,500,000",6,5.5,"4,200 sqft","Nestled in the exclusive community of Harbor View Estates, this 6-bedroom, 5.5-bathroom residence embodies luxury living at its finest. The grand entrance welcomes you into a stunning foyer with a sweeping staircase and gleaming hardwood floors. Entertain guests in the formal dining room or gather in the spacious living area with a cozy fireplace. The gourmet kitchen features custom cabinetry, high-end appliances, and a large island for casual dining. Unwind in the expansive master suite complete with a private balcony overlooking breathtaking views of the harbor. Enjoy outdoor living in the meticulously landscaped backyard with a patio and lush greenery. Experience opulence and comfort in this Harbor View Estates masterpiece.","Harbor View Estates offers a blend of prestigious waterfront living and convenient urban amenities. Located near the marina, residents can enjoy boating and water sports while being just a short drive from upscale shops, fine dining establishments, and cultural attractions. With access to private beach clubs and yacht clubs, Harbor View Estates provides an unparalleled coastal lifestyle for those seeking luxury living by the water."
